,area,name,price,id,lng,lat
0,浦东,汤臣一品,211376,0,121.50835749537895,31.23852780655568
1,浦东,美林别墅,94375,1,121.536692386758,31.152571558775453
2,浦东,中粮海景壹号,210982,2,121.51014736910759,31.237119556511175
3,浦东,滴水湖馨苑,31083,3,121.91531504395327,30.900359901190537
4,浦东,星河湾,99743,4,121.54171867557794,31.19856051775089
5,浦东,御翠园,166903,5,121.57111159118664,31.22403163571757
6,浦东,上海绿城,84562,6,121.53974599667805,31.21118201321918
7,浦东,浦发绿城,45171,7,121.54498895678705,31.148812860338275
8,浦东,金桥瑞仕花园,99922,8,121.79586886944477,30.98890523621789
9,浦东,九间堂别墅,194170,9,121.56850003740804,31.228109851618875
10,浦东,世茂滨江花园(南区),91772,10,121.52046889941722,31.2282840096448
11,浦东,宜浩佳园,29656,11,121.91757724671902,30.9075508036621
12,浦东,印象春城,45058,12,121.59630259294184,31.12206820760573
13,浦东,财富海景花园,141658,13,121.51552157165159,31.231597273464214
14,浦东,东方知音苑,84707,14,121.58121743834336,31.26438800954645
15,浦东,晶耀名邸,110719,15,121.48264880015834,31.156504398169673
16,浦东,世华锦城,63025,16,121.50679704887756,31.16705994063759
17,浦东,明天华城,47499,17,121.58569980317705,31.108059311174177
18,浦东,杉林新月家园,51581,18,121.53806598571329,31.14690003769926
19,浦东,绿川新苑,46130,19,121.55358376424542,31.17977643315945
20,浦东,滨江凯旋门,164989,20,121.51762540315596,31.228187049365406
21,浦东,海阳新村,50985,21,121.50138044631352,31.15909153794631
22,浦东,花木苑,67562,22,121.54973012343815,31.21676371517923
23,浦东,绿地崴廉公寓,54502,23,121.61999261602043,31.29634067585609
24,浦东,昌里花园,62367,24,121.5116564325338,31.183430628473314
25,浦东,御沁园(东区公寓),45417,25,121.58255294914505,31.108196358033386
26,浦东,云间绿大地,153846,26,121.58694692071656,31.23415879680264
27,浦东,潍坊九村,107366,27,121.53316653763132,31.22798710707077
28,浦东,梅园三街坊,139889,28,121.5307913280324,31.240368596063647
29,浦东,上南花城,74667,29,121.4962778015252,31.184136472959906
30,浦东,申江豪城,63754,30,121.50640700462513,31.16982862617454
31,浦东,康桥半岛,50672,31,121.58421301772745,31.14153385105982
32,浦东,康桥半岛,55103,32,121.58421301772745,31.14153385105982
33,浦东,绿地东上海海富城市花园(二期),47039,33,121.57840403531664,31.13232384820744
34,浦东,美林小城,42705,34,121.57001754490605,31.12133098186536
35,浦东,永泰花苑,53700,35,121.52400220447964,31.14369063907894
36,浦东,莲花公寓,31500,36,121.59177666029093,31.122324330175143
37,浦东,艺泰安邦花园,25686,37,121.714882513481,31.06706684689662
38,浦东,仁恒河滨城(三期),105679,38,121.57025245179692,31.238483191197616
39,浦东,三林安居苑,53419,39,121.6081975951828,31.28151414903852
40,浦东,三林苑,48348,40,121.5291399730134,31.149955265930966
41,浦东,东方悦居苑,57916,41,121.5110362424097,31.170696478944357
42,浦东,菊园,82603,42,121.5200436415888,31.233986039184426
43,浦东,中虹家园,37182,43,121.67887025406094,31.288878023756126
44,浦东,万邦都市花园,72374,44,121.55949838738421,31.207294089750643
45,浦东,联洋年华,91542,45,121.56058048620152,31.23163942187074
46,浦东,凌兆新村,47067,46,121.50596306204213,31.14888973711472
47,浦东,地产尚海郦景,95590,47,121.54456145319485,31.24575498203003
48,浦东,盛世年华,111606,48,121.54545194344688,31.234943921351014
49,浦东,当代清水园,90496,49,121.56557973602564,31.23638516469069
50,浦东,庆利苑,26457,50,121.73137998400229,31.234790849212583
51,浦东,三林新村,51140,51,121.51871756299498,31.142301362036637
52,浦东,金桥新城,56290,52,121.61605399551195,31.268529283909842
53,浦东,仁恒河滨城(一期),95254,53,121.57419322823864,31.234137800362053
54,浦东,陆家嘴国际华城,89650,54,121.54205356387207,31.241847345626564
55,浦东,金谊河畔,64649,55,121.52188921025906,31.146642050518174
56,浦东,陆家嘴中央公寓,89331,56,121.54742543082176,31.22039006417723
57,浦东,仁恒滨江园(一二期),103570,57,121.51475468823773,31.235295994038086
58,浦东,大华锦绣华城十二街区,71454,58,121.54584710804072,31.18801748001116
59,浦东,梅园五街坊,118225,59,121.53601901694773,31.237799755353894
60,浦东,陆家嘴锦绣前城,87846,60,121.54060001572641,31.20103584093625
61,浦东,绿波城,40239,61,121.67107493850644,31.215606681869964
62,浦东,张江汤臣豪园二期,83323,62,121.6040812898444,31.20796076122175
63,浦东,黄山始信苑,82031,63,121.57691221935623,31.262398678782386
64,浦东,江临天下,85084,64,121.51809925931246,31.2320913967216
65,浦东,仁恒公园世纪,100948,65,121.5403030359248,31.21508683834666
66,浦东,海洲桃花园,35569,66,121.6060019568553,31.043287861888647
67,浦东,汤臣商务中心,48936,67,121.51840603064413,31.23072890399156
68,浦东,金地艺华年,39039,68,121.59001607132193,31.04733394583336
69,浦东,梅园四街坊,105609,69,121.53281691712685,31.237543716492585
70,浦东,棕榈泉花园,67009,70,121.65805076623948,31.230003802745838
71,浦东,汇豪天下,91746,71,121.51634199407385,31.23336069716709
72,浦东,小上海新城,42031,72,121.58651636288559,31.12831603886281
73,浦东,幸福里,33605,73,121.76910378491051,31.052788961502472
74,浦东,仁恒滨江园(三期),98371,74,121.51715406225486,31.23650658597705
75,浦东,世茂滨江花园(北区),91249,75,121.51937853618921,31.228499082007872
76,浦东,竹园新村,74640,76,121.648781960157,30.917786570526317
77,浦东,金地未未来,76340,77,121.5941329156436,31.312679112412628
78,浦东,东郊壹号,213725,78,121.6065075231963,31.226805972058248
79,浦东,印象生活广场,29104,79,121.63431699568257,31.217436881788878
80,浦东,宣桥枫庭,25335,80,121.72524204211372,31.0540777806858
81,浦东,金苹果花园,60469,81,121.50636972494648,31.161027056276016
82,浦东,民乐苑,60122,82,121.57700806855415,31.162463102566434
83,浦东,盛大金磐花园,111157,83,121.51239969051277,31.237426927958012
84,浦东,唐丰苑,39080,84,121.65898006328956,31.205784139308648
85,浦东,蓝高小区,63170,85,121.53817360271341,31.216699401611788
86,浦东,环球翡翠湾花园,60968,86,121.53908152009234,31.159748200272695
87,浦东,金融家,45399,87,121.67827800123821,31.24723256587509
88,浦东,保利艾庐,46642,88,121.64736928491199,31.10411307982356
89,浦东,东方城市花园(二期),64675,89,121.53064014321508,31.20265744911521
90,浦东,水清木华公寓,93589,90,121.56732002329014,31.230968904858862
91,浦东,颐景园,34382,91,121.25645241850715,31.405739824441138
92,浦东,金桥新村四街坊长岛小区,56675,92,121.6051786598554,31.265198654124642
93,浦东,汇丽苑,37489,93,121.59483116851652,31.12867840403716
94,浦东,维多利华庭,78604,94,121.55483097161544,31.249476065278767
95,浦东,陆家嘴壹号院,124543,95,121.532237689734,31.248775189744848
96,浦东,繁荣华庭,46555,96,121.57853428961559,31.11171761310618
97,浦东,康桥半岛城中花园,40639,97,121.58347694619259,31.137475048563825
98,浦东,幸福小镇明丰绿都,47597,98,121.6146207490708,31.306611878192783
99,浦东,长岛花苑,43819,99,121.60919597192658,31.270392400098768
100,浦东,牡丹小区,69351,100,121.55110210544355,31.21338584198598
101,浦东,三杨新村一街坊,61971,101,121.49552286557459,31.160347149561034
102,浦东,东旺名苑,60475,102,121.5100369673604,31.16257643101403
103,浦东,绿地东岸涟城,26802,103,121.9233493087734,30.890324694600853
104,浦东,远洋万和四季,30739,104,121.79236325015816,31.07174807684118
105,浦东,锦绣华都,50505,105,121.587877744886,31.16119956221825
106,浦东,华洲君庭,233323,106,121.61147901538021,31.22960585540697
107,浦东,金桥名都,60847,107,121.79586886944477,30.98890523621789
108,浦东,东城新村,68034,108,121.54606099458263,31.205476895580865
109,浦东,繁荣安居,37065,109,121.59037197996498,31.11239385274188
110,浦东,高行绿洲(六期),39329,110,121.62008909403221,31.29569785407232
111,浦东,金桂小区,84172,111,121.5560457501566,31.213687500669003
112,浦东,爱法新城,57309,112,121.59251731318392,31.283733757077236
113,浦东,佳伟景苑,34063,113,121.68308600181926,31.29038485855599
114,浦东,金禾新苑,60841,114,121.53485876555105,31.15549820031925
115,浦东,绿洲康城亲水湾(中区),51899,115,121.58640488317181,31.1545248265148
116,浦东,东方吉苑,58214,116,121.51187490043385,31.16833568433363
117,浦东,贵龙园,72738,117,121.53261506787877,31.21202106944129
118,浦东,翰城国际,60547,118,121.516503419574,31.16062302186043
119,浦东,绿波家园,45055,119,121.50825320210926,31.124901746860772
120,浦东,汤臣豪庭,63050,120,121.62043134843151,31.225203155724788
121,浦东,海尚乐苑,36380,121,121.6096973162317,31.12201611741414
122,浦东,昌四小区,50533,122,121.52125482690792,31.18298359345725
123,浦东,丽都成品,59049,123,121.59602043518116,31.281868052329873
124,浦东,博学家园,57720,124,121.52534867460855,31.162765465959076
125,浦东,鹤沙航城瑞馨苑,29898,125,121.61329961115726,31.08681478767539
126,浦东,汤臣豪园(二期),79428,126,121.6040812898444,31.20796076122175
127,浦东,梅园新村,97726,127,121.24950977454277,31.39264225785429
128,浦东,东郊紫园,58240,128,121.63070454990473,31.184423551421556
129,浦东,黄山二村,80955,129,121.57429177235308,31.259839009356035
130,浦东,龚路新城,33359,130,121.69546096869415,31.266037843268727
131,浦东,海尚东苑,37613,131,121.68168320793488,31.293546262714706
132,浦东,陆家嘴花园(二期),106626,132,121.54894913662778,31.236522024145852
133,浦东,中邦城市,48979,133,121.57721369068537,31.142262109639173
134,浦东,朗诗未来树,35297,134,121.76878273052124,31.103476744947162
135,浦东,盛世南苑,43611,135,121.50736118473783,31.127308688791896
136,浦东,上南一村,54540,136,121.50375888981227,31.1836219384188
137,浦东,西镇小区,77374,137,121.42841171855187,31.213316353029537
138,浦东,紫竹华庭,65094,138,121.51715307411881,31.183352467010607
139,浦东,东陆新村六街坊,44508,139,121.60318684704815,31.28453621005145
140,浦东,白金瀚宫,67180,140,121.24110001801942,31.039255837233924
141,浦东,鹤沙航城汇贤雅苑,30052,141,121.61134903057291,31.07767859965555
142,浦东,花木绿城锦绣兰庭,94898,142,121.55243707726193,31.20985280367636
143,浦东,瑞和苑,32486,143,121.59508583812858,31.091686300971514
144,浦东,临港海滨国际花园,21972,144,121.86503418964323,30.872876780920254
145,杨浦,信达泰禾上海院子(别墅),79475,145,121.51717409446778,31.327413392709488
146,杨浦,国和一村,50061,146,121.5356129828572,31.3224035112646
147,杨浦,同济新村,73067,147,121.51645598904304,31.289081924645423
148,杨浦,上海大花园,64335,148,121.5171130995236,31.270417246541143
149,杨浦,控江四村,56486,149,121.53167966235121,31.29118794867412
150,杨浦,合生江湾国际公寓,75541,150,121.52160471690405,31.34377622423644
151,杨浦,莱茵半岛,57994,151,121.54326672546331,31.314025216385588
152,杨浦,翡丽甲第,102888,152,121.52554360690421,31.26436655688618
153,杨浦,同济绿园,69539,153,121.51816546442856,31.28050204148835
154,杨浦,控江五村,53958,154,121.53661728841736,31.293492262078427
155,杨浦,九龙仓玺园(公寓),84699,155,121.5147916085942,31.332867243731236
156,杨浦,公园3000,78435,156,121.59469435658735,38.90399952858496
157,杨浦,和平花苑,65203,157,121.51347154864729,31.277403001490026
158,杨浦,凤城三村,54294,158,121.52829799125891,31.287822870041122
159,杨浦,密云小区,100866,159,121.50435302907658,31.28294989096097
160,杨浦,海上硕和城,73443,160,121.53521575216068,31.306542304252485
161,杨浦,海上海,82839,161,121.51533903597195,31.27291389448968
162,杨浦,和瑞雅苑,42889,162,121.54331217972212,31.2719863400042
163,杨浦,宝地东花园,80487,163,121.5195960159532,31.26828089133222
164,杨浦,市光一村,50121,164,121.53232231011305,30.83799551367393
165,杨浦,新江湾城首府,81790,165,121.5239989705798,31.339744848594666
166,杨浦,嘉誉湾,85875,166,121.51586095147323,31.33815746343464
167,杨浦,佳龙花园,72425,167,121.54310467114931,31.30306408103321
168,杨浦,城市名园,47965,168,121.54556737570492,31.337048814576374
169,杨浦,香阁丽苑,77845,169,121.53208524728899,31.30481682307977
170,杨浦,控江六村,87923,170,121.5366230375726,31.29061190000752
171,杨浦,城市丽园,76170,171,121.53584923720635,31.28839515566668
172,杨浦,市光二村,48409,172,121.42468590661865,31.241796325373908
173,杨浦,仁恒怡庭,84956,173,121.5209558708342,31.3335195253079
174,杨浦,市光三村,48823,174,121.50204034154112,31.708340568671726
175,杨浦,中建大公馆,87658,175,121.52143924902911,31.336436885339108
176,杨浦,杨浦公寓,67467,176,121.5377570584484,31.287302810729763
177,杨浦,中环和润苑,62411,177,121.56193486141892,31.28858910553973
178,杨浦,尚浦名邸,80119,178,121.51870938841483,31.32250368993849
179,杨浦,紫罗兰家苑,81822,179,121.53389021255016,31.287551769910078
180,杨浦,长阳新苑,69389,180,121.53625015095542,31.27099789521472
181,杨浦,三湘未来海岸,54100,181,121.51156741045776,31.322341815337968
182,杨浦,世和园,64916,182,121.53071254663915,31.323168845839767
183,杨浦,文化佳园(公寓),72845,183,121.53170993524691,31.29496932250764
184,杨浦,双喜家园,57289,184,121.53990903912813,31.26015888505063
185,杨浦,市光四村,49796,185,121.54189878583271,31.325748911753454
186,杨浦,控江一村,78474,186,121.53644957477863,31.286675819483925
187,杨浦,国和二村,51688,187,121.53546476244806,31.325669326856485
188,杨浦,华润置地橡树湾(公寓),81650,188,121.52718930259847,31.34277597205375
189,杨浦,控江路1200弄小区,86428,189,121.5327773916844,31.28449940892663
190,杨浦,新江湾城时代花园,72007,190,121.53167741658743,31.336353299934764
191,杨浦,珠江香樟南园,74107,191,121.55053868822769,31.27675287364124
192,杨浦,城市方园,46380,192,121.54267429297948,31.34052546175495
193,杨浦,华升新苑,74973,193,121.52972701566416,31.28051623791953
194,杨浦,工农三村,50850,194,121.54152131785743,31.329314122046643
195,杨浦,文轩佳苑,57849,195,121.52444066739906,31.309581372090378
196,杨浦,佳泰花园,68512,196,121.53672104270376,31.305409907802986
197,杨浦,建发江湾萃,79691,197,121.5124384973108,31.32760425396635
198,杨浦,林绿家园,61107,198,121.42644910067365,31.019215139245773
199,杨浦,控江二村,71317,199,121.53254086784362,31.285566404206357
200,杨浦,长白三村,54659,200,121.54556126722746,31.29484111147227
201,杨浦,海尚佳园,76399,201,121.54255095563295,31.27539080023212
202,杨浦,延吉七村,60732,202,121.53940796431465,31.29605162645509
203,杨浦,恒阳花苑,71861,203,121.51520824268971,31.27509659347073
204,杨浦,明丰阳光苑,69138,204,121.53093900945822,31.32169986679892
205,杨浦,加州水郡,80426,205,121.5188156579567,31.33757946870821
206,杨浦,保利香槟花园,78780,206,121.53405343466132,31.262112611094512
207,杨浦,大运盛城,65541,207,121.52692259569255,31.290449044302658
208,杨浦,浣纱五村,57545,208,121.5419560078937,31.307089021356227
209,杨浦,新江湾城雍景苑,71275,209,121.53228323382335,31.338899382573477
210,杨浦,建发璟墅,62106,210,121.50614101636364,31.32526191589819
211,杨浦,凤城二村,54499,211,121.52777365033272,31.284886321494692
212,杨浦,益民小区,53598,212,121.55846695299766,31.283512639604865
213,杨浦,延吉六村,57158,213,121.54291746428105,31.296134013725446
214,杨浦,明月坊,67028,214,121.54529527896594,31.27515754905209
215,杨浦,盛世豪园(一期),67451,215,121.52402699771172,31.32396486733641
216,杨浦,韵都城,70292,216,121.55217243645868,31.295116047555823
217,杨浦,金宇名邸,73041,217,121.5308736128171,31.28879192699265
218,杨浦,保利香槟苑,74498,218,121.53405343466132,31.262112611094512
219,杨浦,翡丽云邸,92429,219,121.52446635893664,31.26583389206245
220,杨浦,东方名城,67033,220,121.52821462850756,31.32439318300787
221,杨浦,中环和乐苑,61817,221,121.56192327327784,31.290351839909505
222,杨浦,益晖新苑,64549,222,121.55051757804821,31.296287216826983
223,杨浦,控江七村小区,67056,223,121.53858996731725,31.289141868181964
224,杨浦,书香公寓,81949,224,121.50835201571535,31.283981877106644
225,杨浦,控江西三村小区,54996,225,121.53801945348788,31.29106289542211
226,杨浦,长白新城,70589,226,121.54872950093059,31.299328932883896
227,杨浦,怡佳苑,53504,227,121.54541448410713,31.302331981561746
228,杨浦,民星二村,49065,228,121.54283535915742,31.31914313409381
229,杨浦,国定路600弄小区,55313,229,121.51183483600808,31.310803805173908
230,杨浦,东方名园,76491,230,121.53185599972281,31.28662289496554
231,杨浦,阳明新城,67311,231,121.52780509102556,31.275398593265123
232,杨浦,浣纱三村,59778,232,121.54373609009228,31.308325833567487
233,杨浦,新江湾城建德国际公寓,76244,233,121.53291114937485,31.34059462481415
234,杨浦,靖宇家园,73520,234,121.54892757729552,31.298235944503737
235,杨浦,银河苑,62654,235,121.54193337059485,31.27372948050025
236,杨浦,内江二村,58815,236,121.55036351865326,31.29073818820077
237,杨浦,同济北苑,65288,237,121.50124570048702,31.316573528579692
238,杨浦,凤城六村,65851,238,121.5236838450069,31.289643401977486
239,杨浦,延吉五村,55499,239,121.54406612753664,31.296850579342138
240,杨浦,兰花新村,59411,240,121.53481142485063,31.309075780375586
241,杨浦,三门路358弄小区,48733,241,121.49853156021915,31.31537824224203
242,杨浦,宏翔公寓,53581,242,121.54814443455194,31.312736495571706
243,杨浦,宏翔公寓,53053,243,121.54814443455194,31.312736495571706
244,杨浦,兰馨苑,73179,244,121.5372169971758,31.308991321995908
245,杨浦,浣纱四村,60013,245,121.53952097114781,31.306890867629427
246,杨浦,星云苑,62481,246,121.54886245014606,31.316292331481492
247,杨浦,双花公寓,56834,247,121.53373785993568,31.294014061204734
248,杨浦,双辽新村,60000,248,121.52217082903644,31.27733047380331
249,杨浦,华发公馆,78066,249,121.54916904181664,31.28101488619565
250,杨浦,铁路新村,57804,250,121.43250601540524,31.260120839579074
251,杨浦,新江湾尚景园,56137,251,121.50622132487621,31.341612171713706
252,杨浦,东方蓝海国际广场,44037,252,121.52745403323229,31.29641789439964
253,杨浦,复旦第三宿舍,61945,253,121.51301395182048,31.29850670504549
254,杨浦,文化花园香榭丽苑,65266,254,121.49974696757415,31.308803893537732
255,杨浦,延吉东路555弄小区,43533,255,121.5471280018674,31.293975412374806
256,杨浦,新江湾佳苑,75884,256,121.51033538445084,31.315624889883694
257,杨浦,财大小区,55488,257,121.49795601587893,31.30429986671845
258,杨浦,中轩丽苑,67664,258,121.56022044535312,31.284518233822478
259,杨浦,杨浦欣园(西区),68031,259,121.54559109097038,31.305988410533338
260,杨浦,延吉三村,60397,260,121.54308311181707,31.292259110474358
261,杨浦,文化花园清华苑,64094,261,121.4954506418116,31.30906259098983
262,杨浦,控江东三村小区,57372,262,121.54042772072958,31.29250813358122
263,杨浦,辽源四村,58928,263,121.5171717588734,31.278019638866038
264,杨浦,宝钢又一村,56734,264,121.51895049361372,31.271666196150804
265,杨浦,三湘世纪花城(西区),67558,265,121.49551172658629,31.305352597270538
266,杨浦,涵碧景苑,66573,266,121.52779925203976,31.331541152545533
267,杨浦,汇元坊,67739,267,121.52912973233057,31.299213610061642
268,杨浦,现代星洲城(一期),76042,268,121.52643400732569,31.273667906705583
269,杨浦,文化名园,63853,269,121.49806120745414,31.31291296399021
270,杨浦,控江二村107弄小区,59145,270,121.53254086784362,31.285566404206357
271,杨浦,隆昌公寓,49014,271,121.55267306211941,31.277793029732944
272,杨浦,祥生御江湾(公寓),72837,272,121.50402945943188,31.33760360329827
273,杨浦,新江湾中凯城市之光,88374,273,121.50902502620345,31.32542725571055
274,杨浦,嘉禄新苑,60261,274,121.52732099418623,31.266000880521652
275,杨浦,新凤城(公寓),80654,275,121.52843866590176,31.282596300381023
276,杨浦,北茶园,62440,276,121.52308584302892,31.29776346161984
277,杨浦,建发公园首府,85255,277,121.54544296039178,31.28920212026935
278,杨浦,南茶园,61639,278,121.52471851329331,31.2965620715092
279,杨浦,黄兴公寓,58873,279,121.5268602532902,31.29392866346931
280,杨浦,凤凰大楼,64735,280,121.52049881299072,31.281143501990858
281,杨浦,靖宇南路5弄小区,90686,281,121.53426929747538,31.28569123337077
282,杨浦,华元豪庭,74854,282,121.52087996401859,31.282231907029576
283,杨浦,和平公寓,58369,283,121.51482996623943,31.27669585414218
284,杨浦,世晶花苑,64267,284,121.52801942672023,31.32797425378665
285,杨浦,申通公寓,57001,285,121.53414793640094,31.273205561827968
286,杨浦,恒联新天地花园,73404,286,121.52212384765828,31.287432960839592
287,杨浦,水月坊,66397,287,121.54836308211307,31.276005367621103
288,杨浦,盛世御珑湾,80740,288,121.52427196562428,31.32438084408916
289,杨浦,引翔港小区,55984,289,121.545681999488,31.27861081066579
290,杨浦,海上国际,50647,290,121.51676168240812,31.279095195315662
291,杨浦,财大公寓,64595,291,121.49795601587893,31.30429986671845
292,杨浦,鼎隆公寓,76939,292,121.55247902812924,31.274373842425245
293,杨浦,鞍山六村,57162,293,116.51274095771532,40.18206084473016
294,杨浦,城市庭园,54503,294,121.54145583138576,31.33863752943436
295,徐汇,尚海湾豪庭,106705,295,121.46552844459644,31.18511255158893
296,徐汇,百汇园,106549,296,121.466318594123,31.17908901577313
297,徐汇,华悦家园,73352,297,121.41601348556424,31.171428064480203
298,徐汇,尚汇豪庭,102259,298,121.43705943620478,31.185662913962325
299,徐汇,田林十四村,77819,299,121.42991485316169,31.18190538689293
300,徐汇,爱建园,86177,300,121.43882343873472,31.182602746982106
301,徐汇,武康大楼,114515,301,121.44464230250614,31.210822746302505
302,徐汇,徐汇苑,92465,302,121.45076712913428,31.184044101010734
303,徐汇,盛大花园,79951,303,121.46088097121,31.184011894381626
304,徐汇,莱诗邸,100166,304,121.44624281343329,31.19648769797833
305,徐汇,田林新苑,60989,305,121.43336946666142,31.18009264346464
306,徐汇,田林五六七村,66911,306,121.4254926747972,31.17814840435577
307,徐汇,田林五六七村,66495,307,121.4254926747972,31.17814840435577
308,徐汇,田林五六七村,63379,308,121.4254926747972,31.17814840435577
309,徐汇,田林十一村,81182,309,121.43230892717636,31.17773046337577
310,徐汇,南丹小区,99514,310,121.43659896480034,31.197563960656925
311,徐汇,馨宁公寓,56942,311,121.45399923235918,31.134382863119157
312,徐汇,西木小区,69728,312,121.4650677935309,31.2005315922902
313,徐汇,徐汇公园道壹号,88848,313,121.44148853152173,31.170229144894854
314,徐汇,盛华景苑,45613,314,121.46280109923758,31.114617703085212
315,徐汇,康乐小区,63993,315,121.47075155215364,31.263437991514625
316,徐汇,徐家汇花园,82143,316,121.45332415576843,31.19992988805684
317,徐汇,保利西岸,128139,317,121.4623956041304,31.18644273005173
318,徐汇,滨江小区,52412,318,121.46356025722409,31.158718474443425
319,徐汇,钦州花苑,59754,319,121.4330028681828,31.18414944827657
320,徐汇,西雅图嘉萱苑,81681,320,121.44341602565449,31.17252686108996
321,徐汇,日晖六村,60854,321,121.46787329146912,31.200997308095694
322,徐汇,日晖六村,67440,322,121.46787329146912,31.200997308095694
323,徐汇,海珀旭辉(公寓),127440,323,121.46488049683208,31.188789090109378
324,徐汇,三江小区,76297,324,121.44639804062538,31.17107088522086
325,徐汇,梅陇十一村,54266,325,121.433632041362,31.138721831339716
326,徐汇,田林十二村,86588,326,121.43522312008128,31.17817034021972
327,徐汇,云锦东方(一期),127572,327,121.46004967929107,31.171730321731076
328,徐汇,亚都国际名园,85950,328,121.44407385477943,31.194448579910365
329,徐汇,东安一村,67939,329,121.46376552003309,31.19535103316869
330,徐汇,中海馨园,82258,330,121.43505387932319,31.168186133926845
331,徐汇,上海天玺,159605,331,121.46390412857329,31.22156950449085
332,徐汇,漕溪四村,68309,332,121.44763258188776,31.17652938439774
333,徐汇,汇翠花园,81650,333,121.4443420888047,31.19104348974319
334,徐汇,长春新苑,72926,334,121.42319696523589,31.18495082506808
335,徐汇,宛南五村,89726,335,121.45485109547428,31.186977792740823
336,徐汇,宛南六村,89879,336,121.4531240133008,31.18604683730264
337,徐汇,大木小区,72085,337,121.46833996118157,31.205516893690447
338,徐汇,永新花苑,89780,338,121.44948300140776,31.199467873571766
339,徐汇,汇宁花园,96972,339,121.43851235553659,31.20681010521831
340,徐汇,鸿艺豪苑,105352,340,121.45213066706785,31.215767506186424
341,徐汇,创世纪花园,79263,341,121.44629195074468,31.19169073823832
342,徐汇,东方巴黎霞飞苑,104062,342,121.46538471571483,31.22031787827251
343,徐汇,徐汇老洋房,301951,343,121.4433963527638,31.19455677282273
344,徐汇,华滨家园,60312,344,121.4564963420158,31.146278672941555
345,徐汇,东方曼哈顿世纪豪庭,106583,345,121.43955600687809,31.19778983756427
346,徐汇,华利公寓,59360,346,121.42160813228037,31.18581058291261
347,徐汇,紫阳花苑,42156,347,121.460581476153,31.120005367577285
348,徐汇,紫阳花苑,42794,348,121.460581476153,31.120005367577285
349,徐汇,紫阳花苑,40798,349,121.460581476153,31.120005367577285
350,徐汇,紫阳花苑,46613,350,121.460581476153,31.120005367577285
351,徐汇,紫薇园,63435,351,121.7196231411488,31.40315950924357
352,徐汇,上缝小区,59184,352,121.45277403347413,31.17872584109217
353,徐汇,寿祥坊,58425,353,121.42574815288421,31.15638967176377
354,徐汇,徐汇世家花园,85992,354,121.42483295923066,31.1875658329986
355,徐汇,龙山新村,63872,355,121.45220648405292,31.190648697629676
356,徐汇,华沁家园,59136,356,121.45720914743795,31.14325740010699
357,徐汇,汇龙花苑,64899,357,121.45493257178404,31.177288112798532
358,徐汇,印象欧洲,64919,358,121.46507048844744,31.12366119518732
359,徐汇,汇贤居,116339,359,121.45216534166056,31.22142837698317
360,徐汇,中海瀛台(一期),77605,360,121.45943739425549,31.14733557779145
361,徐汇,华欣家园,46064,361,121.46739521327672,31.125814915971603
362,徐汇,兆丰帝景苑,96907,362,121.44983127445398,31.202092823776816
363,徐汇,徐汇新城(公寓),66035,363,121.4588512499102,31.138624778375355
364,徐汇,东安二村,65411,364,121.46105254756243,31.193910161931967
365,徐汇,上海师大新村,70025,365,121.42371798243168,31.164753824759842
366,徐汇,漕河景苑,89933,366,121.43631563924252,31.171002755285517
367,徐汇,乐山六七村,75799,367,121.4368126716812,31.202016994458173
368,徐汇,中信君廷名邸,118085,368,121.45956225872135,31.1867339719722
369,徐汇,嘉御庭(二期),137956,369,121.46591498545736,31.212288528130887
370,徐汇,徐汇临江豪园,80258,370,121.45944952137985,31.189586797443614
371,徐汇,永兆豪庭(西区),58581,371,121.40154331091786,31.179460376263524
372,徐汇,日晖二村,53401,372,121.47236508851068,31.19988957867719
373,徐汇,枫林新村,66926,373,121.4660100261803,31.197599869329878
374,徐汇,恒安阁,75559,374,121.45430914776013,31.19611771776081
375,徐汇,漓江山水花园,72512,375,121.45241336381186,31.12300412586036
376,徐汇,王家堂小区,84685,376,121.45078078337801,31.19578449492012
377,徐汇,徐汇龙兆苑,74360,377,121.4533652981608,31.176368183752288
378,徐汇,福源汇居,100473,378,121.44729850206859,31.195342692890854
379,徐汇,华泾绿苑,50686,379,121.4645072508927,31.120070211201853
380,徐汇,科汇公寓,83099,380,121.44782616672516,31.19989753244505
381,徐汇,金谷园小区,64940,381,121.44320043233208,31.18271543321249
382,徐汇,天钥新村,68181,382,121.45293015897172,31.19206189434911
383,徐汇,桂林苑(南区),62500,383,121.41952801604148,31.18658089823555
384,徐汇,永新世纪永新城,109192,384,121.44924099790336,31.19870283805778
385,徐汇,海上名邸,83606,385,121.4303508008257,31.161618967415805
386,徐汇,长丰坊,65149,386,121.4221135189603,31.159922794423707
387,徐汇,馨汇南苑,84644,387,121.45035678317731,31.17131057551844
388,徐汇,金祥苑,78226,388,121.4258141783392,31.185876307877898
389,徐汇,钦州公寓,64677,389,121.43411703650685,31.182074456063013
390,徐汇,龙南七村,54834,390,121.45962253502108,31.164572982337475
391,徐汇,丝庐花语,80163,391,121.47342796359007,31.20194278668469
392,徐汇,福苑小区,61288,392,121.43206952875795,31.182530995363873
393,徐汇,名仕苑,86987,393,121.44116487204649,31.20259598295516
394,徐汇,巴黎时韵,36885,394,121.46423353720378,31.21191173853296
395,徐汇,华苑大厦,44752,395,121.4399888104728,31.187988750136057
396,徐汇,迎春园,50775,396,121.42411988431685,31.153400941527448
397,徐汇,恒昌花园,68142,397,121.45564789246164,31.195361767414088
398,徐汇,锦馨苑,68303,398,121.4223289326216,31.19610644303285
399,徐汇,云锦东方(二期),114207,399,121.46110033741556,31.17039893032796
400,徐汇,虹桥乐庭,93587,400,121.71651230916773,31.18370473372026
401,徐汇,牡丹园,94466,401,121.68616117107156,30.868443356287045
402,徐汇,航天新苑,57920,402,121.40178423645563,31.17833176948325
403,徐汇,嘉汇广场,52398,403,121.4495923251883,31.19463662389989
404,徐汇,玉兰花苑,84850,404,121.44144846709595,31.192137654498172
405,徐汇,金牛苑,58296,405,121.44093059396948,31.157627396174842
406,徐汇,香樟苑,73899,406,121.46607227875215,31.20765383349325
407,徐汇,航天公寓,85284,407,121.41777596097481,31.18584850413793
408,徐汇,天然居,82958,408,121.85578128356829,30.864538404854002
409,徐汇,天然居,89519,409,121.85578128356829,30.864538404854002
410,徐汇,港汇花园,86459,410,121.4432286391251,31.202358148689605
411,徐汇,乐山八九村,75735,411,121.43590493396334,31.201206265554045
412,徐汇,衡园,91917,412,121.47033851128016,31.208125382170092
413,徐汇,中科新苑,71862,413,121.46477000525437,31.20703101806002
414,徐汇,汇贤雅居,98393,414,121.43382930925199,31.197353605057558
415,徐汇,杜鹃园,69721,415,121.4193649735914,31.161460831250032
416,徐汇,汇峰鼎园,101298,416,121.47322602451143,31.208134879523662
417,徐汇,书香逸居,84583,417,121.4403301665666,31.14184454965495
418,徐汇,玫瑰园,87491,418,121.14406200259288,30.936203873664173
419,徐汇,徐汇长青坊,69985,419,121.42405646394785,31.16047423169275
420,徐汇,康宁坊,57388,420,121.4340405008774,31.16355899141349
421,徐汇,梅陇四村,49886,421,121.427502184223,31.143777332993785
422,徐汇,月季园,53966,422,121.42316498555974,31.228348855635467
423,徐汇,华东花苑,54419,423,121.44179000285088,31.15462387175889
424,徐汇,东方曼哈顿尚东区,121340,424,121.44120915850813,31.197429515374196
425,徐汇,天际花园,92621,425,121.450958647869,31.19779972207975
426,徐汇,康强坊,60813,426,121.43104842488476,31.16050930478572
427,徐汇,阳光名苑,88914,427,121.455964724815,31.20014324948429
428,徐汇,尊园,88831,428,121.4461889151027,31.197686976763226
429,徐汇,四季园,70051,429,121.45872189391676,31.202037148692447
430,徐汇,佳安公寓,76176,430,121.45345054735368,31.195817083625656
431,徐汇,花苑村丁香园,56265,431,121.51222649721045,31.2046378579392
432,徐汇,汇景苑,86870,432,121.46782271686891,31.2108253715117
433,徐汇,宏润花园,87313,433,121.4456207368676,31.180826009375963
434,徐汇,远雄徐汇园,102211,434,121.47043903166674,31.20421254498839
435,徐汇,东安花苑,69122,435,121.46200852428616,31.192170939518824
436,徐汇,太原邸,115425,436,121.46337062493092,31.20955730968561
437,徐汇,华龙新苑小区,64310,437,121.46271998225004,31.180820834512843
438,徐汇,金色港湾公寓,81361,438,121.46748953535528,31.2051604620577
439,徐汇,瑞金南苑,86197,439,121.47373320780235,31.205865756786935
440,徐汇,嘉丽苑,114639,440,121.46180892080179,31.222660224571772
441,徐汇,协昌小区,77831,441,121.45069364774356,31.185796063172578
442,徐汇,桂林苑(北区),64549,442,121.41924801421402,31.187476862605454
443,徐汇,清真小区,72707,443,121.4652551800603,31.20485391123657
444,徐汇,南天大楼,78718,444,121.44892102148071,31.19702185385735
445,静安,达安花园,78800,445,121.43649862407487,31.23773754036794
446,静安,中凯城市之光,111533,446,121.47187766794096,31.232799035966927
447,静安,中凯城市之光,89874,447,121.47187766794096,31.232799035966927
448,静安,静安别墅,151504,448,121.46467298825928,31.233779856640727
449,静安,大宁金茂府,95395,449,121.46285670434868,31.29283252606817
450,静安,共康四村,45598,450,121.44270097446855,31.323964019031898
451,静安,静安枫景苑,111424,451,121.45330762694704,31.23720485180296
452,静安,华侨城苏河湾(公寓),192073,452,121.41253327035747,31.226534849290157
453,静安,共康三村,44606,453,121.44227203358751,31.319935873719906
454,静安,新梅共和城,71959,454,121.45609300284184,31.287660858105273
455,静安,永和一村,44132,455,121.43608100184328,31.29649788996625
456,静安,国际丽都城,111061,456,121.46594498886141,31.23963754884776
457,静安,嘉天汇,148033,457,121.44471012457217,31.230368476958798
458,静安,静安豪景苑,112705,458,121.45338461172923,31.239186227964144
459,静安,康乐小区,55298,459,121.47075155215364,31.263437991514625
460,静安,和源名城,54915,460,121.4729754871047,31.32368376964777
461,静安,龙潭小区,52340,461,121.43237198822315,31.281343870696197
462,静安,大宁瑞仕花园,88497,462,121.45270100123615,31.27471943957145
463,静安,苏河融景,90955,463,121.46152864948273,31.248227513718465
464,静安,嘉利明珠城,75036,464,121.47028703837444,31.279459909528924
465,静安,大宁龙盛雅苑,86757,465,121.38137698103272,31.187086766594817
466,静安,静安府(东区),88001,466,121.44990502533636,31.299992788445586
467,静安,振安广场,30782,467,121.46579497184123,31.241929857897592
468,静安,阳城贵都,64320,468,121.43249218150038,31.291544746822023
469,静安,宁和小区,80909,469,121.4569048015312,31.27889744508432
470,静安,宁和小区,89521,470,121.4569048015312,31.27889744508432
471,静安,静安府(西区),84180,471,121.44819204655936,31.29894238873531
472,静安,绿色丽园,85199,472,121.4543634952435,31.280256998401235
473,静安,绿色丽园,85056,473,121.4543634952435,31.280256998401235
474,静安,粤秀名邸,57620,474,121.46920269379335,31.308397874384518
475,静安,歌林春天馨园,75080,475,121.44859799081932,31.277773894854175
476,静安,中粮天悦壹号,131334,476,121.48133969953864,31.248951856256753
477,静安,四和花园,125881,477,121.44766770563321,31.23357737891953
478,静安,延长小区,81091,478,121.46201580056076,31.27540214256707
479,静安,精文城上城,68110,479,121.47148097622774,31.255749906019755
480,静安,象屿大宁悦府,78018,480,121.46809786784662,31.30216428670077
481,静安,三和花园,76357,481,121.44634360331148,31.234742140879998
482,静安,经典茂名,125715,482,110.931542579969,21.66906403133209
483,静安,闻喜华庭,59900,483,121.45241354347296,31.313334157585306
484,静安,嘉园,87629,484,121.4425827574634,31.23066660710742
485,静安,静安四季苑,111829,485,121.46719965216721,31.235896930654512
486,静安,圣和静安公馆,91108,486,121.48552795914837,31.252196857380024
487,静安,金泉苑,48732,487,121.39145848411009,31.19520422872524
488,静安,浦联佳苑,57491,488,121.43007277527036,31.291351805982085
489,静安,众乐小区,85848,489,121.45726475254904,31.23948510189701
490,静安,幸福第一公寓,47395,490,121.44960373366828,31.310366094367733
491,静安,高荣小区,83714,491,121.43926306945127,31.23376271977089
492,静安,彭三小区,46546,492,121.4567764336738,31.315441331037974
493,静安,盛源家豪城,74048,493,121.46199936156992,31.271556394812702
494,静安,龙盛佳苑,59872,494,121.43094143669852,31.288658384274978
495,静安,万荣小区,51583,495,121.44348303924549,31.29138791009603
496,静安,慧芝湖花园(一二期),81658,496,121.46605997196669,31.287842697196822
497,静安,彭新小区,50398,497,121.4534120100473,31.315767880431647
498,静安,兴泉小区,45399,498,121.44659638648199,31.322485721023373
499,静安,静安城,78136,499,121.43772310431555,31.231473143980843
500,静安,君御豪庭,101942,500,121.45181275674791,31.241215649644733
501,静安,华山公寓,118718,501,121.4454253554192,31.222280079803124
502,静安,五月花都荟豪庭,81776,502,121.46457201871996,31.26264484908873
503,静安,三泉家园,51463,503,121.4448845755022,31.324750779586314
504,静安,云和花园,91527,504,121.4487980434564,31.234298901607275
505,静安,上海滩大宁城(公寓),78010,505,121.46161650376158,31.2674940404012
506,静安,新湖青蓝国际,86045,506,121.48022310578976,31.26889882355579
507,静安,永和二村,46537,507,121.4359737441654,31.298537020920488
508,静安,张园,144416,508,121.46729199797363,31.234638857517172
509,静安,瀚林府邸,93327,509,121.44529483162859,31.23580553604744
510,静安,云海苑,91772,510,121.47099481328577,31.234842027671014
511,静安,万豪公寓,56656,511,121.48623402727922,31.251737647746896
512,静安,北美公寓,69083,512,121.46199846326442,31.26448732449584
513,静安,三鑫花苑,84992,513,121.43627907820823,31.235869373337287
514,静安,新福康里(公寓),96852,514,121.46474584083613,31.24126250212028
515,静安,绿洲雅宾利花园(一期),84673,515,121.47845928292091,31.261522260926107
516,静安,静安河滨花园,72442,516,121.46169097328837,31.247144887084197
517,静安,上海壹街区,93681,517,121.47163898816696,31.23962187962833
518,静安,静安阳光名都,87977,518,121.44068131419044,31.24106559806593
519,静安,均泰丽轩,92187,519,121.43985882566551,31.239820716425015
520,静安,天鼎花园,74486,520,121.45966250961628,31.24647069926853
521,静安,中海万锦城二期,59563,521,121.46724079455956,31.25541782154828
522,静安,沪中新苑,93244,522,121.44426959555004,31.2335671122144
523,静安,新丰小区,68895,523,121.44631279143249,31.243282076221558
524,静安,汉中小区,69902,524,121.46644336875835,31.249385224202644
525,静安,复地新都国际,84784,525,121.48224869488422,31.25977997307077
526,静安,悠和家园,74128,526,121.45877974479164,31.272733878188546
527,静安,静安晶华园,110404,527,121.45092684785395,31.245915522984987
528,静安,明园森林都市滴翠苑,74273,528,121.46085474068913,31.295210624147067
529,静安,中海万锦城四期,61645,529,121.4660969821537,31.25701286581689
530,静安,天祥华府,81951,530,121.47267617170877,31.27442283874949
531,静安,四方新城,106175,531,121.46184386488615,31.22839972882764
532,静安,怡景苑,88409,532,121.4552479668486,31.23793483737696
533,静安,海联公寓,64961,533,121.47689344658647,31.250317402266198
534,静安,八方花苑,77146,534,121.45464403605423,31.27791871801257
535,静安,越秀苑,62817,535,121.46452306106968,31.261373167979997
536,静安,北方佳苑,64715,536,121.46920044802955,31.25771545457944
537,静安,嘉茵苑,56172,537,121.44181012489427,31.282849978419176
538,静安,彭浦家园,41953,538,121.4504508357642,31.319758184637852
539,静安,三宝花苑,57631,539,121.48320781567722,31.263177778571077
540,静安,卓悦居一期,90173,540,121.46483459342052,31.249756537509107
541,静安,中星馨恒苑,58419,541,121.43187378798731,31.302815857454014
542,静安,佳宁花园,60710,542,121.44243696247915,31.27883788074997
543,静安,东方明珠大宁公寓,70488,543,121.45591621631745,31.282171959056388
544,静安,翔前小区,41631,544,121.43746187707323,31.30868464873416
545,静安,又一村,115065,545,120.9140989361078,31.095820445431556
546,静安,锦灏佳园,72879,546,121.46609464655936,31.2781442466501
547,静安,广盛公寓,58353,547,121.47698920595384,31.269862366808475
548,静安,达安锦园(二期),90165,548,121.44874567224518,31.244369069903247
549,静安,中海万锦城三期,84382,549,121.46874051560849,31.256406817027692
550,静安,天道俪晶公寓,64118,550,121.4696549906176,31.26126690438409
551,静安,天道俪晶公寓,63488,551,121.4696549906176,31.26126690438409
552,静安,花园公寓,107139,552,121.41105995949057,31.141719837634092
553,静安,龙馨嘉园,50669,553,121.43457939435282,31.308367870239426
554,静安,中海万锦城一期,85219,554,121.46670423667842,31.25690335595471
555,静安,达安城,82789,555,121.46769381002821,31.24226029218428
556,静安,姚西小区,78615,556,121.4418554893225,31.239054852808227
557,静安,彭五小区,50025,557,121.46025727769441,31.315860430831236
558,静安,三泉公寓,51327,558,121.44567706062307,31.319539620432725
559,静安,远中风华园(公寓),114043,559,121.46200358360585,31.24061382094841
560,静安,永和家园,56432,560,121.43179895913832,31.297184599328784
561,静安,静安紫苑,71648,561,121.45968604522064,31.240442850566254
562,静安,常德公寓,106569,562,121.45404675272066,31.231031741909298
563,静安,幸福新苑,47395,563,121.45285299452844,31.309850865623865
564,静安,华商名邸,83893,564,121.4616369851272,31.23981685701916
565,静安,申银发展大厦,72514,565,121.46076428132427,31.240562491272808
566,静安,牡丹苑,60428,566,121.47034848247131,31.27611254035244
567,静安,阳城世家苑,64146,567,121.43321226319719,31.287669113005947
568,静安,静安风华苑,89797,568,121.43493476401257,31.230878972151817
569,静安,南星小区,61416,569,121.47244009702077,31.249456461519603
570,静安,宝华现代城(一期),84263,570,121.4601539725608,31.286450851498795
571,静安,骏豪国际,67584,571,121.46122097984556,31.23491590060008
572,静安,和源馨苑(北区),65021,572,121.47377084680322,31.254714906811753
573,静安,灵广花园,63563,573,121.46870072067436,31.262356004052037
574,静安,银都一村,46403,574,121.44859296030847,31.32383291733352
575,静安,新平公寓,66391,575,121.44768998360985,31.234344831235852
576,静安,南京西路公馆,80238,576,121.44490640432608,31.226443368338362
577,静安,新悦坊,56410,577,121.45300579629568,31.308871460383354
578,静安,联富假日公寓,74641,578,121.48718901586687,31.24987686091854
579,静安,华侨城苏河湾(别墅),198230,579,121.48789975518636,31.247197988333568
580,静安,和泰花园,59734,580,121.45822791571683,31.263947457344475
581,静安,华业小区,105481,581,121.46144762232571,31.23225419976664
582,静安,康平小区,48492,582,121.456602342066,31.31847694687108
583,静安,静安丽舍(北区),87458,583,121.43659348513674,31.23263098467482
584,静安,永乐苑,66759,584,121.4532395353894,31.271906709242238
585,静安,明珠公寓,42211,585,121.27614183799707,31.17648968287494
586,静安,北海新苑,47043,586,121.43214292031813,31.284078239465174
587,静安,新德公寓,49412,587,121.69476271582127,31.20151715261725
588,静安,安源小区,67926,588,121.45742312381044,31.251261147837084
589,静安,通阁小区,59705,589,121.47737197393164,31.26726084666834
590,静安,和馨苑,60959,590,121.48559039138134,31.26195680531427
591,静安,景峰苑,50416,591,121.43559915076773,31.28435397876313
592,静安,艺康苑(静安),55305,592,121.53564657948328,31.709515968145546
593,静安,北安小区,46571,593,121.45041939507135,31.313147817639408
594,虹口,德华苑,67268,594,121.48207388463196,31.274247069139467
595,虹口,新外滩花苑,99119,595,121.51079325076927,31.255548633489987
596,虹口,祥东小区,59773,596,121.50146327008152,31.278922134952694
597,虹口,河滨大楼,80752,597,121.49004859179679,31.249107374993788
598,虹口,瑞虹新城悦庭,107982,598,121.50616733671507,31.272147761844398
599,虹口,瑞虹新城(一期),82828,599,121.50261031638723,31.269016421582972
600,虹口,浦江名邸,63877,600,121.5027522486578,31.262148958022212
601,虹口,玉田新村,51737,601,121.50222620095114,31.282820891890783
602,虹口,瑞虹新城璟庭,93335,602,121.50367462875543,31.27066933724577
603,虹口,锦苑小区,51355,603,121.05256994572383,31.123586075285196
604,虹口,密云小区,93208,604,121.50435302907658,31.28294989096097
605,虹口,密云小区,99809,605,121.50435302907658,31.28294989096097
606,虹口,密云小区,106045,606,121.50435302907658,31.28294989096097
607,虹口,瑞虹新城怡庭,97332,607,121.50753842041495,31.269909745070372
608,虹口,祥德新苑,56801,608,121.4963688897039,31.277178551264267
609,虹口,瑞虹新城二期优贤生活,86982,609,121.50597932137184,31.267037220894043
610,虹口,灵新小区,54205,610,121.48592536950599,31.293964843729906
611,虹口,灵新小区,52796,611,121.48592536950599,31.293964843729906
612,虹口,天宝华庭,34422,612,121.50544950078205,31.278631874274808
613,虹口,溧阳路经典老洋房,52285,613,121.49673198479105,31.260260288118282
614,虹口,金枫里,53676,614,121.48107299263278,31.317660903454822
615,虹口,东体小区,63762,615,121.49512204165606,31.28663084136015
616,虹口,东体小区,56878,616,121.49512204165606,31.28663084136015
617,虹口,香港丽园,67838,617,121.50398607127576,31.26349332139764
618,虹口,白金府邸,79763,618,121.5010231902122,31.255946238928765
619,虹口,文华别墅,99829,619,121.3890308134694,31.19888392353993
620,虹口,文华苑,51411,620,121.47120905914987,31.303142605321945
621,虹口,赤峰小区,58829,621,121.5000530202614,31.288997911052594
622,虹口,邮电新村,59700,622,121.50236750440789,31.2768925288302
623,虹口,虹光公寓,56569,623,121.48353542769671,31.274342052670413
624,虹口,虹口花苑,62483,624,121.48254810011068,31.270307443735035
625,虹口,中信和平家园,87643,625,121.50467605973795,31.27409907673548
626,虹口,豪景苑,100552,626,121.49465061092441,31.25313008788936
627,虹口,东体小区,61693,627,121.49512204165606,31.28663084136015
628,虹口,景瑞花园,50789,628,121.48479458253004,31.307008957736826
629,虹口,甜爱别墅,58321,629,121.49258801164295,31.277655844910537
630,虹口,瑞虹新城铭庭,93578,630,121.50434458500479,31.268173246627025
631,虹口,爱家豪庭,80057,631,121.49942600301546,31.26690835417644
632,虹口,金轩大邸,71364,632,121.50554966184643,31.276507280611817
633,虹口,鸿旭豪苑,71882,633,121.51814660001284,31.264234291094994
634,虹口,国际明佳城,79632,634,121.49291598298464,31.260922878057443
635,虹口,名江七星城,75762,635,110.32453805384785,25.2585670875004
636,虹口,嘉宏紫薇园,61835,636,121.48487516053429,31.27148386258604
637,虹口,溧阳华府,75673,637,121.49547965707956,31.26942623874795
638,虹口,江杨家园,53145,638,116.64321399405381,40.34056203237702
639,虹口,景明花园,71201,639,121.48852677243235,31.294885005643195
640,虹口,一品新筑苑,62634,640,121.48053886017652,31.23592904225201
641,虹口,山阴路新里洋房,60669,641,121.49173004005036,31.27312786112075
642,虹口,欧洲花园,66695,642,121.42374951295507,31.021901296177575
643,虹口,文苑小区,50479,643,121.42878191025251,31.20907441783854
644,虹口,欧阳花苑,62430,644,121.49701045949914,31.278218085363807
645,虹口,恒丰里,47505,645,121.4919369198093,31.270878756432317
646,虹口,久耕小区,63008,646,121.49715930872213,31.257715377406093
647,虹口,白金湾广场(公寓),117561,647,121.51278578222093,31.256483528373952
648,虹口,巴林小区,59699,648,121.50254554855995,31.292927567838912
649,虹口,蔷薇里,56707,649,121.48064674666828,31.319451006923433
650,虹口,四川里,55353,650,121.49045534453172,31.262327760006407
651,虹口,瑞虹新城(三期),84171,651,121.5074853305593,31.27205810022572
652,虹口,何家宅小区,57225,652,121.48317017667635,31.279232300868173
653,虹口,星苑小区,49535,653,121.48091596882959,31.303833893899924
654,虹口,东五小区,64056,654,121.59862228726028,31.28016202088569
655,虹口,曲阳豪庭,63040,655,121.49521977729552,31.29200885238289
656,虹口,秀苑小区,54251,656,121.47630999715773,31.295015839464288
657,虹口,丰景湾名邸,61232,657,121.48080035691048,31.311313243974926
658,虹口,海怡花园,65499,658,121.53740240743308,31.238455248696088
659,虹口,虹叶花苑,62640,659,121.49371610370237,31.266931581065027
660,虹口,宝华城市花园,76851,660,121.47285035314717,31.284679325398997
661,虹口,融创外滩188,61381,661,121.50172782105423,31.258528009184168
662,虹口,银欣花苑,56439,662,121.49888666038727,31.268518558055728
663,虹口,运光新村,58655,663,121.50110179194431,31.297792312071874
664,虹口,海昌苑,67826,664,121.49858914160237,31.26366725919864
665,虹口,银联花园,74409,665,121.49378895627925,31.290700000890965
666,虹口,虹临宝都,45820,666,121.49815993122971,31.269277312740787
667,虹口,临潼苑,68545,667,121.52010607382178,31.257626628018517
668,虹口,双东小区,79618,668,121.49523217391157,31.288731520345067
669,虹口,花园城(一期三期),77107,669,121.48046618726076,31.277167980717806
670,虹口,北宸佳苑,74690,670,121.49378563254885,31.294452620159728
671,虹口,凯阳新寓,23297,671,121.49241787257937,31.303646300808712
672,虹口,金象大厦,35068,672,121.4847818265918,31.267253052956427
673,虹口,曲阳名邸,67405,673,121.48812289427508,31.293069898881157
674,虹口,和泰玫瑰园,71717,674,121.50673623359457,31.257610421599523
675,虹口,宏祥花苑,58774,675,121.4993579114578,31.275313024183887
676,虹口,虹口玫瑰苑,58314,676,121.4852449030822,31.302246360028253
677,虹口,建邦16区,88762,677,121.50367642536646,31.272999697250942
678,虹口,大上海紫金城,70532,678,121.47361391283064,31.280223821863316
679,虹口,飘鹰花苑(南区),64349,679,121.51282845173266,31.268817029565092
680,虹口,曲阳林云小区,59027,680,121.50539129058502,31.294945099738268
681,虹口,外滩99,78886,681,121.49720404433651,31.243452887043176
682,虹口,虹北公寓,52465,682,121.48041947537425,31.320617860399032
683,虹口,悦华小区,58403,683,121.4978554056618,31.279447410355843
684,虹口,临江大厦,57914,684,121.51358796904137,31.218736877191702
685,虹口,邮电二村,73315,685,121.49329704418196,31.288842072966705
686,虹口,飘鹰花苑(北区),65186,686,121.51096446779944,31.269443909227338
687,虹口,八一小区,56861,687,121.49877095863758,31.293995469653822
688,虹口,虹口嘉苑,67880,688,121.48521058781172,31.300985940254485
689,虹口,学府花苑,53003,689,121.47486309647282,31.309449170341377
690,虹口,复城国际(公寓),81809,690,121.6401681086218,31.228415322729262
691,虹口,西南小区,61767,691,121.49462797362557,31.283588788633004
692,虹口,中星凉城苑,61565,692,121.47962932584764,31.305418392535625
693,虹口,绿洲紫荆花园,64082,693,121.49596330476614,31.274230016846264
694,虹口,虹祺花苑,65904,694,121.48556227441887,31.270414160026924
695,虹口,晶钻博华,57684,695,121.48986300187843,31.27367986653101
696,虹口,欣逸家园,69362,696,121.49153762301012,31.30372073643486
697,虹口,黄山坊,54105,697,121.47702145512163,31.27379136289459
698,虹口,新丰家园,54685,698,121.48577346604424,31.311894872366853
699,虹口,虹叶茗园,74703,699,121.51081229484608,31.26779868838514
700,虹口,意和家园,58037,700,121.47122397102136,31.282488903631663
701,虹口,新海城,46690,701,121.49186254011309,31.307326897831594
702,虹口,中皇广场,74419,702,121.500634493418,31.26044032845358
703,虹口,海泰苑,81157,703,121.50571090768543,31.26037210918175
704,虹口,昆明公寓,60141,704,121.51478999164426,31.261973628338218
705,虹口,东方公寓,59893,705,121.25529297558545,31.011858860313765
706,虹口,远虹大厦,60718,706,121.50654669113193,31.26297181472805
707,虹口,嘉杰国际广场(公寓),83506,707,121.48903099131508,31.26417687811452
708,虹口,珊瑚苑,63177,708,121.46904351405699,31.284658494607328
709,虹口,望隆苑,58740,709,121.48677363939908,31.30116844762355
710,虹口,恒升半岛国际中心大厦(公寓),67177,710,121.49592000644056,31.253167904675227
711,虹口,飘鹰东方花园,74383,711,121.50041117466823,31.27637418327139
712,虹口,海伦新苑,69436,712,121.48471211808422,31.26827039694348
713,虹口,仁德坊,59117,713,121.48633526631019,31.21046509946636
714,虹口,国贸花园,58200,714,121.49262160826902,31.263845209426627
715,虹口,耀江国际广场(公寓),82744,715,121.49689592554658,31.255340954976788
716,虹口,山水苑,62539,716,121.49299431522512,31.28149987560535
717,虹口,建工小区,71290,717,121.49159340778229,31.28991866195857
718,虹口,长江大楼,58423,718,121.51527651390847,31.25746988867689
719,虹口,华东公寓,49419,719,121.48264583575016,31.295253361009227
720,虹口,纪念小区,51336,720,121.49294365079433,31.299384627199192
721,虹口,蒋家桥小区,59699,721,121.50368945079636,31.280824623992576
722,虹口,翰林苑,58994,722,121.48845688426368,31.286251265250243
723,虹口,庐迅大厦,45986,723,121.49282139141444,31.27960858783591
724,虹口,北城公寓,54965,724,121.48559128968685,31.273843368765355
725,虹口,紫虹嘉苑,76187,725,121.50937671281058,31.26672894362993
726,虹口,国际公寓,70439,726,121.6401681086218,31.228415322729262
727,虹口,花园路76弄小区,41283,727,121.48342152255805,31.27583261016606
728,虹口,宝元小区,62820,728,121.50878796337936,31.267848845632766
729,虹口,天星公寓,61817,729,121.49881398747152,31.264946857328
730,虹口,瑞嘉苑,73068,730,121.49526801630141,31.26192647756161
731,虹口,晨林花苑,65028,731,121.50127381744949,31.26534666062869
732,虹口,山阴路小区,50635,732,121.49130871410514,31.27200456131856
733,虹口,盛安家园,49912,733,121.470608631747,31.31169873419631
734,虹口,海虹小区,68091,734,121.48470753672613,31.28660823656593
735,虹口,凯润金城,68981,735,121.4888296810503,31.263135798716345
736,虹口,同心城,49638,736,121.47977979202057,31.275573589122228
737,虹口,万峰梦湖苑,63662,737,121.46870799694901,31.28888188113616
738,虹口,中虹明珠苑,69822,738,121.50913902117264,31.262309856672527
739,虹口,万峰小区,49274,739,121.48002089721945,31.309493906076717
740,虹口,源森地带公寓,63209,740,121.50671548273728,31.277609473617357
741,虹口,通海小区,66870,741,121.5018810719742,31.26503259023933
742,虹口,上农新村,78613,742,121.49014767489454,31.28857606755373
743,虹口,广中扩大小区,53464,743,121.4779676403153,31.294593714590306
744,黄浦,融创滨江壹号院,118107,744,121.49164982136831,31.204082124562625
745,黄浦,绿城黄浦湾,134171,745,121.5110027356142,31.22346914650191
746,黄浦,上海别墅,116159,746,121.4747732659218,31.225408893968364
747,黄浦,华府天地,167172,747,121.48015896677636,31.224550889162554
748,黄浦,华润外滩九里,117727,748,121.50973864010055,31.224677421047787
749,黄浦,耀江花园,109640,749,121.49915453509036,31.204626352585226
750,黄浦,可爱里,118580,750,121.501419163281,31.228347697671737
751,黄浦,翠湖天地御苑,164205,751,121.48370197353823,31.223915602328223
752,黄浦,翠湖天地嘉苑,156326,752,121.48204199478636,31.223412866513733
753,黄浦,明日星城,84792,753,121.5010030681688,31.22024237252865
754,黄浦,复兴珑御,115901,754,121.49144482805094,31.222782898904605
755,黄浦,太阳都市花园(南区),79087,755,121.49514000776622,31.22848680761136
756,黄浦,汇龙新城,93883,756,121.48175130312332,31.214059573349623
757,黄浦,永业公寓,112440,757,121.4848598893406,31.21439535628613
758,黄浦,中福花苑,91115,758,121.5054382719632,31.216302478604888
759,黄浦,中福花苑,88611,759,121.5054382719632,31.216302478604888
760,黄浦,海悦花园,93878,760,121.48096124342732,31.207625418497955
761,黄浦,翠湖天地隽荟都,165909,761,121.4859350712055,31.222579856970157
762,黄浦,海华花园,82160,762,121.47554266459112,31.210392210997142
763,黄浦,上海滩花园,106162,763,121.53963397798096,31.24360386101167
764,黄浦,黄浦丽园,94541,764,121.49159475524056,31.21442407806337
765,黄浦,绿地黄浦滨江,128930,765,121.48806001288936,31.20230988679252
766,黄浦,露香园,120733,766,121.49110248382108,31.23162660752205
767,黄浦,凯德茂名公馆,152990,767,121.46804378985493,31.22841717546988
768,黄浦,翠湖天地雅苑,128676,768,121.48529098615484,31.224341829394678
769,黄浦,西凌新邨,77637,769,121.49226902335636,31.2103863428552
770,黄浦,老西门新苑,88708,770,121.48969385095091,31.22187646380563
771,黄浦,弘辉名苑,94622,771,121.4963738303842,31.20889505075709
772,黄浦,百花公寓,76407,772,121.49594273356995,31.21295068584899
773,黄浦,公馆77,102938,773,121.19424071956641,31.106056997451066
774,黄浦,复地雅园,86784,774,121.49744631733256,31.22893015161624
775,黄浦,黄浦滩名苑,110234,775,121.49977984555582,31.20678261655143
776,黄浦,士林华苑,91073,776,121.49799859556008,31.226807207239915
777,黄浦,淮海晶华苑,83118,777,121.45092684785395,31.245915522984987
778,黄浦,大同花园(南区),76967,778,121.47959393261057,31.210863745884915
779,黄浦,滨江名人苑,88365,779,121.50510383282185,31.22983126904437
780,黄浦,金外滩花园,97420,780,121.50797634435108,31.228272893184748
781,黄浦,中福浦江汇(中福花苑二期),93533,781,121.50594868915395,31.21498391933267
782,黄浦,海琪园,90913,782,121.51012401316432,31.226002868933676
783,黄浦,瑞金公寓,49807,783,121.46977608220035,31.22512371670971
784,黄浦,黄浦新苑(西区),84765,784,121.49080092266139,31.215568155024386
785,黄浦,思南新苑,98757,785,121.47694653644213,31.21457973141259
786,黄浦,东淮海公寓,90920,786,121.4920399554513,31.23313004286565
787,黄浦,卢湾都市花园,87796,787,121.4834225106941,31.206980287684218
788,黄浦,思南公馆东苑,146795,788,121.47639102431476,31.220711850506294
789,黄浦,黄浦众鑫城,83970,789,121.49010365792455,31.22561609855652
790,黄浦,淡水湾花园(一期),112926,790,121.48189610997154,31.21642554730716
791,黄浦,金色家园,87435,791,121.47454554547504,31.243934443753123
792,黄浦,南园小区,70154,792,121.24574210157282,31.008840465980768
793,黄浦,白玉兰家园,98540,793,121.49864339925516,31.205780046850442
794,黄浦,紫荆新苑,76528,794,121.48465444687048,31.19837611108485
795,黄浦,怡水豪庭,52647,795,121.48124861135996,31.24664405128791
796,黄浦,上海滩新昌城,99085,796,121.47233239019012,31.24404929454643
797,黄浦,华府天地睿园,119550,797,121.45591136546771,31.207994967193088
798,黄浦,东元坊住宅小区,93193,798,121.5018037278698,31.213531073738412
799,黄浦,紫勋雍邸,94567,799,121.47236383088295,31.22858654668605
800,黄浦,海潮新村,78804,800,121.50332644553976,31.215481913510967
801,黄浦,蒙西小区,79160,801,121.48209229989493,31.212961032026183
802,黄浦,明珠家园,86401,802,121.49401137672352,31.208462190169268
803,黄浦,市民新村,103571,803,121.55287652831741,31.656779768020787
804,黄浦,瞿溪新村,71305,804,121.501622629479,31.211775615196782
805,黄浦,阳光翠竹苑,83833,805,121.50494168867728,31.21889090205729
806,黄浦,绿地名人坊,83015,806,121.50452703085386,31.22384087149966
807,黄浦,绿地海珀黄浦,121116,807,121.49158559252436,31.237247152063624
808,黄浦,卢湾城市花园,85983,808,121.48355653787618,31.199697143621947
809,黄浦,江南新苑,75184,809,121.4852100488284,31.20485375680265
810,黄浦,黄浦新苑(东区),87179,810,121.49258208282656,31.216207204479588
811,黄浦,瑞南新苑,81636,811,121.47528098819606,31.206211066655392
812,黄浦,同济蓬莱家园,82590,812,121.49839331100118,31.21082375005897
813,黄浦,泛海国际住区,108358,813,121.50576750093259,31.22391506191956
814,黄浦,锦麟天地雅苑,126795,814,121.48013300574709,31.226270519274806
815,黄浦,复兴佳苑,76601,815,121.48992498495863,31.212637829264445
816,黄浦,雅庐苑,78843,816,121.49146387212777,31.217941271030924
817,黄浦,国际广场,64150,817,121.59212646045653,31.260331594319137
818,黄浦,海丽花园,81156,818,121.4762631954407,31.209301270762477
819,黄浦,银南大厦,82287,819,121.49227037081462,31.217101186968
820,黄浦,中南小区,100940,820,121.49480107709734,31.20585679971615
821,黄浦,沧海苑,67970,821,121.4964416524502,31.22199381217105
822,黄浦,丽园新村,75115,822,121.49007383418163,31.21114479715297
823,黄浦,东晖花苑,73086,823,121.47861531858801,31.203597968995822
824,黄浦,建德坊,107970,824,121.48324626315303,31.218930740026394
825,黄浦,名盛苑,82852,825,121.47644132942331,31.204292387835554
826,黄浦,黄浦华庭,89332,826,121.49714700193664,31.21280483551307
827,黄浦,悦来小区,83666,827,121.50603160275251,31.2259377897186
828,黄浦,海洲丽园,86935,828,121.49546465537756,31.215995346595783
829,黄浦,开城新苑,89277,829,121.48330510216394,31.212194716928085
830,黄浦,锦凯华苑,79708,830,121.49446421253108,31.214098641281357
831,黄浦,豫景公寓,74392,831,121.49848655511312,31.213126879546266
832,黄浦,恒升大厦,74567,832,121.48900898283009,31.216778847776908
833,黄浦,花园公寓,97217,833,121.41105995949057,31.141719837634092
834,黄浦,培文小区,80327,834,121.47726004506508,31.227312472368816
835,黄浦,独立时代,48974,835,121.50450996304916,31.216839069314887
836,黄浦,惠德公寓,75762,836,121.49452520747522,31.220752305331192
837,黄浦,越纪公寓,102088,837,121.49754719704131,31.207442265114857
838,黄浦,淡水湾花园(二期),111585,838,121.48167306071342,31.21746228275095
839,黄浦,同安大楼,74800,839,121.48859270805677,31.240542345332308
840,黄浦,北蒙三小区,79536,840,121.48337499033262,31.211269108021703
841,黄浦,大同花园(北区),84461,841,121.47947697323319,31.212566872751502
842,黄浦,浦江公馆,106145,842,121.50606349259813,31.22813308814728
843,黄浦,开元坊,83650,843,121.49166356544262,31.219340776742357
844,黄浦,黄浦逸城,85274,844,121.49462716515059,31.217536941465806
845,黄浦,兴林公寓,68931,845,121.49468492619488,31.218944868604368
846,黄浦,金色黄浦,80989,846,121.49158559252436,31.237247152063624
847,黄浦,幸运福邸,66864,847,121.49281707954799,31.218999529968
848,黄浦,马当小区,93194,848,121.48244829836851,31.219304335969678
849,黄浦,浩城华苑,89853,849,121.50274802662192,31.221134463596762
850,黄浦,雅士公寓,82970,850,121.50334405232779,31.213977190918406
851,黄浦,太阳都市花园(北区),84556,851,121.49456311596774,31.22967232160788
852,黄浦,斜土新村,79676,852,121.47703834326524,31.205427631476468
853,黄浦,丽都大厦,41487,853,121.4921209826083,31.205230883666328
854,黄浦,银杏家园(北区),75731,854,121.48215077958362,31.21070175496312
855,黄浦,南陆大厦,79557,855,121.49092821255215,31.217029616182394
856,黄浦,华丽家族汇景天地(公寓),75684,856,121.48437489419578,31.20456094964016
857,黄浦,南园新村,70969,857,121.48075328570177,31.203527777813605
858,黄浦,海珀日晖,98350,858,121.48053697373493,31.19862090544956
859,黄浦,江南世纪新苑,71847,859,121.4883730723596,31.211002109691528
860,黄浦,盛大兰馨公寓,122210,860,121.467236303032,31.2277066467538
861,黄浦,南花苑,79740,861,121.50258920620772,31.22212227758133
862,黄浦,露香园(公寓),130177,862,121.49110248382108,31.23162660752205
863,黄浦,巴卡拉东苑,111497,863,121.48432261281508,31.227565219707557
864,黄浦,桃源新村,105154,864,121.48841268763258,31.231074044961254
865,黄浦,福鑫大楼,75365,865,121.50746853224628,31.225384730363196
866,黄浦,白云公寓,69405,866,121.48394927704514,31.20935385299893
867,黄浦,中汇公寓,79902,867,121.4865909240583,31.21487420584056
868,黄浦,明日星城(一期),83873,868,121.50067276123276,31.219300784537676
869,黄浦,佳日公寓,73181,869,121.49403095978364,31.23068289539216
870,黄浦,华盛大公馆,91027,870,121.4614911003124,31.221909583852614
871,黄浦,阳光公寓,77594,871,121.3252510324304,31.262172880620852
872,黄浦,瞿四小区,75531,872,121.49284187278006,31.20676848613807
873,黄浦,新华南园大厦,77702,873,121.47760598251699,31.19885882642578
874,黄浦,新地苑,71936,874,121.49777869037123,31.228014280720448
875,黄浦,金中苑,98229,875,121.49854269920748,31.207756297276987
876,黄浦,金南新苑,63974,876,121.5062961537252,31.21760256696745
877,黄浦,经纬公寓,75943,877,121.48301521897586,31.22735462270548
878,黄浦,渔阳里(北区),129353,878,121.476510409117,31.22779889845097
879,黄浦,长峰馨园,89747,879,121.50626174862415,31.21859752114256
880,黄浦,中辉新苑,81540,880,121.48100633836391,31.201749197554545
881,黄浦,金日世家,82063,881,121.50146677347306,31.217819439621515
882,黄浦,石库门,124427,882,121.46388562347978,31.25839758727601
883,黄浦,中福城(一期),98289,883,121.4851029708116,31.23918584202094
884,黄浦,上海大众汽车公寓,77345,884,121.48933255247478,31.21100697404039
885,黄浦,丽丽小区,81945,885,121.4885193164966,31.212108317885324
886,黄浦,阳光里,87508,886,121.5074266712095,31.217805079254827
887,黄浦,大众家园,89052,887,121.48752372449991,31.20742512342239
888,黄浦,重庆大楼,65139,888,121.47706358565006,31.23343264143125
889,黄浦,海洲国际华园,84802,889,121.4997688862286,31.21536702764722
890,黄浦,申江新苑,86280,890,121.50831293942566,31.225599886589645
891,黄浦,瞿二小区,74049,891,121.49558287238268,31.211774225394247
892,黄浦,瞿西新村,71186,892,121.47730612813776,31.20323983125812
893,黄浦,步高苑,84462,893,121.46902240387749,31.212102913116816
894,长宁,檀宫,287483,894,121.38001802445723,31.207953889140224
895,长宁,御翠豪庭,102288,895,121.40637296066171,31.202280003013392
896,长宁,天山星城,86364,896,121.3936057037706,31.218771079226357
897,长宁,仁恒河滨花园,90119,897,121.40086266483296,31.221182406978105
898,长宁,宝华紫薇花园,99983,898,121.3894120543278,31.214230823569807
899,长宁,宝石公寓,64620,899,121.39914753012276,31.20114881388248
900,长宁,天山河畔花园,77083,900,121.0726845332116,31.116233540207052
901,长宁,西郊华庭,74179,901,121.39348676812106,31.20682153308868
902,长宁,明苑别墅,157243,902,121.38487543184134,31.20215220534906
903,长宁,嘉里华庭,112856,903,121.44262461850019,31.219625045164328
904,长宁,中山公寓,80765,904,121.41887908014108,31.222541873411068
905,长宁,虹桥豪苑,91765,905,121.4158245719155,31.213287630912465
906,长宁,古北瑞仕花园,98856,906,121.41071959153284,31.201457693422665
907,长宁,凯欣豪园,99506,907,121.42486098636257,31.22273047861465
908,长宁,新泾三村,56927,908,121.37672303984662,31.22167287948317
909,长宁,天山怡景苑,82934,909,121.4552479668486,31.23793483737696
910,长宁,强生古北花园,93293,910,121.40629130469084,31.200250200288444
911,长宁,圣约翰名邸,85071,911,121.42049360463415,31.224820705270147
912,长宁,西镇小区,68519,912,121.42841171855187,31.213316353029537
913,长宁,皇家花园,82577,913,121.20040381400923,31.09183597322036
914,长宁,虹桥中园,61331,914,121.37540881888552,31.199474591833173
915,长宁,春天花园,81081,915,121.40995603184936,31.223017902023287
916,长宁,古北国际花园,100300,916,121.40877997027569,31.20190301870696
917,长宁,虹仙小区,56586,917,121.39131888743385,31.210727080540398
918,长宁,古北新苑,74326,918,121.4043190749437,31.198511327231003
919,长宁,新泾七村,57591,919,121.36952177372588,31.22487335599072
920,长宁,虹桥小区,64983,920,121.4170631555527,31.20483329430654
921,长宁,锦苑小区,53374,921,121.05256994572383,31.123586075285196
922,长宁,茅台花苑,54726,922,121.39899706394985,31.216691603685234
923,长宁,通协小区,58013,923,121.36591157371186,31.23097106633059
924,长宁,虹桥新天地,26912,924,121.40109397850178,31.2116868994276
925,长宁,虹桥机场新村,43578,925,121.35992248104624,31.18968310263299
926,长宁,大家源新城,80601,926,121.4188053292587,31.22773814357777
927,长宁,嘉利豪园,60373,927,121.37542220363764,31.19425420303663
928,长宁,剑河家苑,60286,928,121.37645588378795,31.226380296608976
929,长宁,华丽家族古北花园,100704,929,121.41016614550814,31.19944818211321
930,长宁,皇朝别墅,70357,930,121.3703609707333,31.19322184425333
931,长宁,世纪之春花园,71868,931,121.36371557606216,31.22162408711866
932,长宁,兆丰嘉园,91552,932,121.42505007967242,31.226034289131647
933,长宁,西郊家园,48317,933,121.30699315260121,31.187790961697747
934,长宁,天山五村,61373,934,121.40438680717916,31.217016722626205
935,长宁,天山二村,69588,935,121.41216703120108,31.215872972198817
936,长宁,天山五村,67531,936,121.40438680717916,31.217016722626205
937,长宁,天山二村,70365,937,121.41216703120108,31.215872972198817
938,长宁,华山花苑,70873,938,121.44193139613813,31.209757059710412
939,长宁,淮海名邸,123629,939,121.43139642843931,31.207003297812413
940,长宁,路易凯旋宫,91843,940,121.39148300785051,31.214866871014195
941,长宁,威宁小区,63105,941,121.69951726722445,31.19678431433401
942,长宁,上海花城,75912,942,121.38102834866429,31.195254193230237
943,长宁,程桥二村,48327,943,121.40663876926212,31.223016203579725
944,长宁,虹桥万博花园,84880,944,121.41304952653408,31.22221461198606
945,长宁,虹桥新城,75078,945,121.42502977796791,31.224019360735078
946,长宁,兆丰花园,64392,946,121.38705310405862,31.198062896920728
947,长宁,王子公寓,59854,947,121.393547403743,31.22243232318177
948,长宁,天山华庭,86237,948,121.43754376929844,31.207726996198158
949,长宁,新华路一号,140103,949,121.38963779850248,31.19802451730245
950,长宁,君悦花园,50057,950,121.41305797060585,31.20152788615615
951,长宁,古北中央花园,97992,951,121.40195123144993,31.19908292411173
952,长宁,罗马花园,58034,952,121.18125158121431,31.367532544449396
953,长宁,紫竹小区,56270,953,121.38190231009494,31.198657508716007
954,长宁,温莎花园,54964,954,121.43341851414229,31.21149309880395
955,长宁,海富公寓,68295,955,121.39744497168972,31.207202898854977
956,长宁,虹日小区,60432,956,121.39820377035394,31.212993383125085
957,长宁,仙逸小区,58036,957,121.40812285979516,31.19979606393848
958,长宁,金色贝拉维,96216,958,121.41460036116649,31.19898886801523
959,长宁,古北嘉年华庭(南区),87913,959,121.40040425953121,31.21508336396319
960,长宁,茅台新苑,58489,960,121.38613413752192,31.22335681809684
961,长宁,元丰天山花园,67700,961,121.39578220819072,31.216838606072432
962,长宁,古宋小区,69901,962,121.3890308134694,31.19888392353993
963,长宁,文华别墅,114712,963,121.37996304816,31.22102691901433
964,长宁,新泾二村,57540,964,121.37762493857865,31.223812847423574
965,长宁,新泾一村,59390,965,121.37318757885099,31.222407386783267
966,长宁,新泾四村,54052,966,121.40141808712977,31.20080912243216
967,长宁,巴黎花园,66311,967,121.40374847128376,31.22295814767257
968,长宁,新天地河滨花园,87457,968,121.40834833447815,31.22492430827273
969,长宁,虹桥河滨花园,79092,969,121.40224803159045,31.198340897710363
970,长宁,四季晶园,78210,970,121.43786153319462,31.226705459096326
971,长宁,畅园,93838,971,121.42758464866884,31.199851740354852
972,长宁,长虹小区,63844,972,121.3779815658661,31.199917841577378
973,长宁,张泾小区,50320,973,121.43720792610556,31.21432857039907
974,长宁,华山夏都苑,100152,974,121.38114180465021,31.21601109697973
975,长宁,仙霞大郡,58984,975,121.40794050377664,31.213706185408302
976,长宁,虹桥华庭,85273,976,121.37440109976444,31.204739012332755
977,长宁,绿谷别墅,75597,977,121.42812794384123,31.044071722036144
978,长宁,复地御西郊,90555,978,121.40083293092056,31.21654938792079
979,长宁,杜家宅小区,58955,979,121.3729245549977,31.224088069735828
980,长宁,新泾五村,56949,980,121.44245546757266,31.227070763752952
981,长宁,严家花园,262037,981,121.37046203010316,31.221199854965864
982,长宁,红梅小区,56986,982,121.3800851278788,31.224062824974
983,长宁,长宁馥邦苑,69425,983,121.39583601669077,31.21438485584925
984,长宁,水霞小区,68725,984,121.4381134180596,31.21524418917861
985,长宁,和平小区,69096,985,121.39617997787056,31.210242109987718
986,长宁,虹霞小区,59269,986,121.44430768370368,31.2210573372361
987,长宁,东方雅苑,90605,987,121.36476524605057,31.21881415987524
988,长宁,淞虹公寓,57908,988,121.42253015305585,31.21965716234622
989,长宁,三泾南宅,67398,989,121.37291099058449,31.220245846720648
990,长宁,瑞冬小区,57019,990,121.43163690482432,31.23115193501967
991,长宁,长江小区,69842,991,120.9140989361078,31.095820445431556
992,长宁,又一村,74665,992,121.4336343769563,31.224182563829746
993,长宁,愚园公馆,97639,993,121.71651230916773,31.18370473372026
994,长宁,虹桥中山广场,61159,994,121.37295958891258,31.2183584922228
995,长宁,金菊小区,58476,995,121.42171494080551,31.20043522103021
996,长宁,中星美华邨(公寓),76207,996,121.43122619954515,31.210902429090275
997,长宁,香榭苑,78287,997,121.4250746932434,31.212657209107928
998,长宁,新华世纪园,79898,998,121.42878191025251,31.20907441783854
999,长宁,文苑小区,65687,999,121.3955886233533,31.20800863413525
1000,长宁,虹纺小区,60130,1000,121.39688397989872,31.204665887755365
1001,长宁,锦苑公寓,71068,1001,121.36617235180138,31.19598411986967
1002,长宁,龙柏花苑(公寓),52599,1002,121.38211475934808,31.217563500497896
1003,长宁,铭晖西郊苑,70722,1003,121.56147070696191,31.19043747698771
1004,长宁,虹南小区,57733,1004,121.39066420237819,31.222041677909427
1005,长宁,海逸公寓,81644,1005,121.3892702118878,31.203027557942306
1006,长宁,西郊宾馆花园别墅,115886,1006,121.43249352895864,31.234197084417467
1007,长宁,长宁八八中心,105900,1007,121.41251530424728,31.19979058123827
1008,长宁,古北国际广场,95236,1008,121.44176449097436,31.214256611447787
1009,长宁,汤臣怡园,152003,1009,121.40533981949469,31.21484919021985
1010,长宁,大金更小区,64188,1010,121.37020232998026,31.222799497370268
1011,长宁,新泾八村,56449,1011,121.4233234466517,31.226410172696625
1012,长宁,明珠小区,70000,1012,121.38894619309036,31.220068894377214
1013,长宁,南洋新都,73553,1013,121.37772572845688,31.216790506052032
1014,长宁,虹康花苑(三期),69807,1014,121.38862783361759,31.19751322515359
1015,长宁,爱都公寓,57865,1015,121.43562079993052,31.223577537494865
1016,长宁,南辉小区,97553,1016,121.444102151403,31.221953126274173
1017,长宁,东方剑桥御庭苑,103085,1017,121.44466682624656,31.22049598820615
1018,长宁,丁香公寓,100267,1018,121.3858230543238,31.196663845424904
1019,长宁,虹梅花苑,53866,1019,121.39308576454141,31.21358010195061
1020,长宁,仙霞别墅(南区),63910,1020,121.38494846407929,31.212801361044914
1021,长宁,龙庭公寓,57400,1021,121.4409109210788,31.22284489222875
1022,长宁,华敏世纪广场,80117,1022,121.41977019920698,31.22681068118824
1023,长宁,宁康小区,66065,1023,121.4221690342408,31.218196668680005
1024,长宁,武夷花园,85357,1024,121.3814949285462,31.210679595077387
1025,长宁,虹林新苑,67240,1025,121.35582351300422,31.21770115954637
1026,长宁,新泾北苑,53115,1026,121.441005512649,31.223834232187627
1027,长宁,金桥花园,78053,1027,121.37813427780279,31.213039632051373
1028,长宁,虹康景博苑,69154,1028,121.43106692997824,31.229907693407768
1029,长宁,民心小区,72354,1029,121.37858145428568,31.19471523930397
1030,长宁,宝北小区,51502,1030,121.44104396012482,31.213220844235238
1031,长宁,兰庭,139947,1031,121.42482900668642,31.204881091601795
1032,长宁,紫勋雅苑,79196,1032,121.41198395653812,31.213237830446683
1033,长宁,翠庭,83448,1033,121.48053886017652,31.23592904225201
1034,长宁,鼎邦丽池,81914,1034,121.42709992301563,31.21200570444141
1035,长宁,申亚新华府,79337,1035,121.35672891512772,31.21333789461155
1036,长宁,新泾家苑,52781,1036,121.43059603822992,31.228151847200877
1037,长宁,盛业公寓,55642,1037,121.36645998922569,31.21872753532453
1038,长宁,绿园一村,50311,1038,121.40171632455908,31.199850504817537
1039,长宁,鹿特丹花园,64974,1039,121.43737707703308,31.21249931345361
1040,长宁,华山丽苑,99723,1040,121.43098635197398,31.21435188755812
1041,长宁,东方金门花园,83500,1041,121.42529702385711,31.219541895582164
